name,age,birthday,league,season,position,current_club,minutes_played_overall,nationality,goals_overall,assists_overall,penalty_goals,yellow_cards_overall,red_cards_overall
Aaron Cresswell,31,12/15/1989,Premier League,2018/2019,Defender,West Ham United,1589,England,0,1,0,1,0
Aaron Lennon,33,4/16/1987,Premier League,2018/2019,Midfielder,Burnley,1217,England,1,1,0,1,0
Aaron Mooy,30,9/15/1990,Premier League,2018/2019,Midfielder,Huddersfield Town,2327,Australia,3,1,1,4,0
Aaron Ramsey,30,12/26/1990,Premier League,2018/2019,Midfielder,Arsenal,1327,Wales,4,6,0,0,0
Aaron Rowe,20,9/7/2000,Premier League,2018/2019,Forward,Huddersfield Town,69,England,0,0,0,0,0
Aaron Wan-Bissaka,23,11/26/1997,Premier League,2018/2019,Midfielder,Crystal Palace,3135,England,0,3,0,5,1
Abdelhamid Sabiri,24,11/28/1996,Premier League,2018/2019,Midfielder,Huddersfield Town,49,Morocco,0,0,0,0,0
Abdoulaye Doucouré,28,1/1/1993,Premier League,2018/2019,Midfielder,Watford,3062,France,5,6,0,7,0
Aboubakar Kamara,26,3/7/1995,Premier League,2018/2019,Forward,Fulham,687,France,3,0,1,2,0
Adalberto Peñaranda Maestre,23,5/31/1997,Premier League,2018/2019,Forward,Watford,0,Venezuela,0,0,0,0,0
Adam David Lallana,32,5/10/1988,Premier League,2018/2019,Midfielder,Liverpool,465,England,0,0,0,1,0
Adam Masina,27,1/2/1994,Premier League,2018/2019,Defender,Watford,1003,Italy,0,1,0,5,0
Adam Smith,29,4/29/1991,Premier League,2018/2019,Defender,AFC Bournemouth,2073,England,1,1,0,6,1
Adama Diakhaby,24,7/5/1996,Premier League,2018/2019,Forward,Huddersfield Town,551,France,0,0,0,1,0
Adama Traoré Diarra,25,1/25/1996,Premier League,2018/2019,Midfielder,Wolverhampton Wanderers,890,Spain,1,1,0,1,0
Ademola Lookman,23,10/20/1997,Premier League,2018/2019,Forward,Everton,601,England,0,2,0,0,0
Adrian Mariappa,34,10/3/1986,Premier League,2018/2019,Defender,Watford,1921,Jamaica,0,0,0,3,0
Adrián San Miguel del Castillo,34,1/3/1987,Premier League,2018/2019,Goalkeeper,West Ham United,0,Spain,0,0,0,0,0
Adrien Sebastian Perruchet Silva,32,3/15/1989,Premier League,2018/2019,Midfielder,Leicester City,88,Portugal,0,0,0,0,0
Ainsley Maitland-Niles,23,8/29/1997,Premier League,2018/2019,Midfielder,Arsenal,985,England,1,1,0,3,1
Alberto Moreno,28,7/5/1992,Premier League,2018/2019,Defender,Liverpool,155,Spain,0,0,0,0,0
Aleksandar Mitrović,26,9/16/1994,Premier League,2018/2019,Forward,Fulham,3282,Serbia,11,3,1,7,0
Alex Iwobi,24,5/3/1996,Premier League,2018/2019,Forward,Arsenal,1972,Nigeria,3,6,0,0,0
Alex McCarthy,31,12/3/1989,Premier League,2018/2019,Goalkeeper,Southampton,2250,England,0,0,0,1,0
Alex Oxlade-Chamberlain,27,8/15/1993,Premier League,2018/2019,Midfielder,Liverpool,19,England,0,0,0,0,0
Alex Pritchard,27,5/3/1993,Premier League,2018/2019,Midfielder,Huddersfield Town,2092,England,2,0,0,2,0
Alex Smithies,31,3/5/1990,Premier League,2018/2019,Goalkeeper,Cardiff City,0,England,0,0,0,0,0
Alexander Sørloth,25,12/5/1995,Premier League,2018/2019,Forward,Crystal Palace,173,Norway,0,0,0,0,0
Alexandre Lacazette,29,5/28/1991,Premier League,2018/2019,Forward,Arsenal,2503,France,13,8,0,2,0
Alexandre Nascimento Costa Silva,24,3/16/1997,Premier League,2018/2019,Forward,West Ham United,17,Portugal,0,0,0,0,0
Alexis Sanchez,32,12/19/1988,Premier League,2018/2019,Forward,Manchester United,877,Chile,1,3,0,3,0
Alfie Jones,23,10/7/1997,Premier League,2018/2019,Defender,Southampton,0,England,0,0,0,0,0
Alfie Mawson,27,1/19/1994,Premier League,2018/2019,Defender,Fulham,1131,England,0,0,0,2,0
Alfie Whiteman,22,10/2/1998,Premier League,2018/2019,Goalkeeper,Tottenham Hotspur,0,England,0,0,0,0,0
Ali Koiki,20,8/22/2000,Premier League,2018/2019,Defender,Burnley,0,England,0,0,0,0,0
Alireza Jahanbakhsh,27,8/11/1993,Premier League,2018/2019,Forward,Brighton & Hove Albion,1022,Iran,0,0,0,2,0
Alisson Becker,28,10/2/1992,Premier League,2018/2019,Goalkeeper,Liverpool,3420,Brazil,0,0,0,1,0
Alvaro Morata,28,10/23/1992,Premier League,2018/2019,Forward,Chelsea,943,Spain,5,0,0,3,0
Ander Herrera,31,8/14/1989,Premier League,2018/2019,Midfielder,Manchester United,1404,Spain,2,3,0,4,0
André Filipe Tavares Gomes,27,7/30/1993,Premier League,2018/2019,Midfielder,Everton,1986,Portugal,1,1,0,7,0
Andre Gray,29,6/26/1991,Premier League,2018/2019,Forward,Watford,1358,England,7,2,0,2,0
André Schürrle,30,11/6/1990,Premier League,2018/2019,Midfielder,Fulham,1650,Germany,6,0,0,2,0
André-Frank Zambo Anguissa,25,11/16/1995,Premier League,2018/2019,Midfielder,Fulham,1518,Cameroon,0,0,0,3,1
Andreas Christensen,24,4/10/1996,Premier League,2018/2019,Defender,Chelsea,615,Denmark,0,0,0,1,0
Andreas Pereira,25,1/1/1996,Premier League,2018/2019,Midfielder,Manchester United,595,Brazil,1,1,0,5,0
Andrew Robertson,27,3/11/1994,Premier League,2018/2019,Defender,Liverpool,3219,Scotland,0,11,0,4,0
Andrew Surman,34,8/20/1986,Premier League,2018/2019,Midfielder,AFC Bournemouth,1438,England,0,0,0,2,0
Andriy Yarmolenko,31,10/23/1989,Premier League,2018/2019,Forward,West Ham United,459,Ukraine,2,0,0,2,0
Andros Townsend,29,7/16/1991,Premier League,2018/2019,Midfielder,Crystal Palace,3018,England,6,4,0,1,0
Andy Carroll,32,1/6/1989,Premier League,2018/2019,Forward,West Ham United,454,England,0,0,0,2,0
Angel Gomes,20,8/31/2000,Premier League,2018/2019,Midfielder,Manchester United,25,England,0,0,0,0,0
Angelo Ogbonna,32,5/23/1988,Premier League,2018/2019,Defender,West Ham United,1870,Italy,1,1,0,2,0
Angus Gunn,25,1/22/1996,Premier League,2018/2019,Goalkeeper,Southampton,1080,England,0,0,0,0,0
Anthony Driscoll-Glennon,21,11/26/1999,Premier League,2018/2019,Defender,Burnley,0,England,0,0,0,0,0
Anthony Knockaert,29,11/20/1991,Premier League,2018/2019,Midfielder,Brighton & Hove Albion,1832,France,2,6,0,5,1
Anthony Martial,25,12/5/1995,Premier League,2018/2019,Forward,Manchester United,1623,France,10,2,1,2,0
Antonio Barreca,26,3/18/1995,Premier League,2018/2019,Defender,Newcastle United,4,Italy,0,0,0,0,0
Antonio Rüdiger,28,3/3/1993,Premier League,2018/2019,Defender,Chelsea,2874,Germany,1,0,0,7,0
Antonio Valencia,35,8/4/1985,Premier League,2018/2019,Defender,Manchester United,466,Ecuador,0,0,0,2,0
Arijanet Muric,22,11/7/1998,Premier League,2018/2019,Goalkeeper,Manchester City,0,Montenegro,0,0,0,0,0
Aron Einar Gunnarsson,31,4/22/1989,Premier League,2018/2019,Midfielder,Cardiff City,2274,Iceland,1,1,0,5,0
Arthur Masuaku,27,11/7/1993,Premier League,2018/2019,Defender,West Ham United,1756,France,0,1,0,2,0
Artur Boruc,41,2/20/1980,Premier League,2018/2019,Goalkeeper,AFC Bournemouth,1080,Poland,0,0,0,2,0
Ashley Barnes,31,10/30/1989,Premier League,2018/2019,Forward,Burnley,2400,England,12,2,2,8,0
Ashley Westwood,31,4/1/1990,Premier League,2018/2019,Midfielder,Burnley,2822,England,2,7,0,5,0
Ashley Young,35,7/9/1985,Premier League,2018/2019,Midfielder,Manchester United,2568,England,2,2,0,10,1
Asmir Begović,33,6/20/1987,Premier League,2018/2019,Goalkeeper,AFC Bournemouth,2160,Bosnia and Herzegovina,0,0,0,0,0
Aymeric Laporte,26,5/27/1994,Premier League,2018/2019,Defender,Manchester City,3057,France,3,3,0,3,0
Ayoze Perez,27,7/29/1993,Premier League,2018/2019,Forward,Newcastle United,2929,Spain,12,2,0,2,0
Bakary Sako,32,4/26/1988,Premier League,2018/2019,Midfielder,Crystal Palace,25,Mali,0,0,0,0,0
Bakayo Sako,0,1/1/1970,Premier League,2018/2019,Midfielder,Arsenal,7,England,0,0,0,0,0
Ben Chilwell,24,12/21/1996,Premier League,2018/2019,Defender,Leicester City,3240,England,0,4,0,4,0
Ben Davies,27,4/24/1993,Premier League,2018/2019,Defender,Tottenham Hotspur,1839,Wales,0,0,0,2,0
Ben Foster,37,4/3/1983,Premier League,2018/2019,Goalkeeper,Watford,3420,England,0,0,0,1,0
Ben Gibson,28,1/15/1993,Premier League,2018/2019,Defender,Burnley,63,England,1,0,0,1,0
Ben Hamer,33,11/20/1987,Premier League,2018/2019,Goalkeeper,Huddersfield Town,553,England,0,0,0,0,0
Ben Mee,31,9/21/1989,Premier League,2018/2019,Defender,Burnley,3420,England,0,2,0,9,0
Ben White,23,10/8/1997,Premier League,2018/2019,Defender,Brighton & Hove Albion,0,England,0,0,0,0,0
Ben Wilmot,21,11/4/1999,Premier League,2018/2019,Defender,Watford,26,England,0,0,0,0,0
Benjamin Johnson,21,1/24/2000,Premier League,2018/2019,Forward,West Ham United,63,England,0,0,0,0,0
Benjamin Mendy,26,7/17/1994,Premier League,2018/2019,Defender,Manchester City,900,France,0,5,0,1,0
Beram Kayal,32,5/2/1988,Premier League,2018/2019,Midfielder,Brighton & Hove Albion,934,Israel,1,1,0,4,0
Bernard Anício Caldeira Duarte,28,9/8/1992,Premier League,2018/2019,Midfielder,Everton,2128,Brazil,1,3,0,5,0
Bernardo,25,5/14/1995,Premier League,2018/2019,Defender,Brighton & Hove Albion,1750,Brazil,0,1,0,4,0
Bernardo Silva,26,8/10/1994,Premier League,2018/2019,Midfielder,Manchester City,2853,Portugal,7,7,0,3,0
Bernd Leno,29,3/4/1992,Premier League,2018/2019,Goalkeeper,Arsenal,2835,Germany,0,0,0,0,0
Bobby Reid,28,2/2/1993,Premier League,2018/2019,Midfielder,Cardiff City,1422,England,5,2,1,0,0
Brian Murphy,37,5/7/1983,Premier League,2018/2019,Goalkeeper,Cardiff City,0,Republic of Ireland,0,0,0,0,0
Bright Enobakhare,23,2/8/1998,Premier League,2018/2019,Forward,Wolverhampton Wanderers,0,England,0,0,0,0,0
Bruno Écuélé Manga,32,7/16/1988,Premier League,2018/2019,Defender,Cardiff City,3375,Gabon,0,1,0,0,0
Bruno Saltor Grau,40,10/1/1980,Premier League,2018/2019,Defender,Brighton & Hove Albion,1136,Spain,0,1,0,2,0
Caglar Söyüncü,24,5/23/1996,Premier League,2018/2019,Defender,Leicester City,371,Turkey,0,0,0,1,0
Callum Hudson-Odoi,20,11/7/2000,Premier League,2018/2019,Midfielder,Chelsea,391,England,0,1,0,0,0
Callum Paterson,26,10/13/1994,Premier League,2018/2019,Defender,Cardiff City,1996,Scotland,4,1,0,4,0
Callum Roberts,23,4/14/1997,Premier League,2018/2019,Forward,Newcastle United,0,England,0,0,0,0,0
Callum Slattery,22,2/8/1999,Premier League,2018/2019,Midfielder,Southampton,110,England,0,0,0,0,0
Callum Wilson,29,2/27/1992,Premier League,2018/2019,Forward,AFC Bournemouth,2535,England,14,9,1,3,0
Calum Chambers,26,1/20/1995,Premier League,2018/2019,Defender,Fulham,2587,England,2,0,0,9,0
Cameron John,21,8/24/1999,Premier League,2018/2019,Defender,Wolverhampton Wanderers,0,England,0,0,0,0,0
Carl Jenkinson,29,2/8/1992,Premier League,2018/2019,Defender,Arsenal,166,England,0,0,0,0,0
Carlos Sánchez,35,2/6/1986,Premier League,2018/2019,Midfielder,West Ham United,240,Colombia,0,0,0,0,0
Cedric Soares,29,8/31/1991,Premier League,2018/2019,Defender,Southampton,1494,Portugal,1,2,0,4,0
Cenk Tosun,29,6/7/1991,Premier League,2018/2019,Forward,Everton,1050,Turkey,3,3,0,3,0
Cesar Azpilicueta,31,8/28/1989,Premier League,2018/2019,Defender,Chelsea,3403,Spain,1,5,0,4,0
Cesc Fabregas,33,5/4/1987,Premier League,2018/2019,Midfielder,Chelsea,175,Spain,0,0,0,1,0
Charlie Austin,31,7/5/1989,Premier League,2018/2019,Forward,Southampton,980,England,2,2,0,1,0
Charlie Daniels,34,9/7/1986,Premier League,2018/2019,Defender,AFC Bournemouth,1583,England,1,0,0,4,0
Charlie Taylor,27,9/18/1993,Premier League,2018/2019,Defender,Burnley,3240,England,0,1,0,2,0
Cheikhou Kouyaté,31,12/21/1989,Premier League,2018/2019,Midfielder,Crystal Palace,1897,Senegal,0,2,0,3,0
Chris Löwe,31,4/16/1989,Premier League,2018/2019,Defender,Huddersfield Town,2056,Germany,0,2,0,2,0
Chris Mepham,23,11/5/1997,Premier League,2018/2019,Defender,AFC Bournemouth,849,Wales,0,1,0,1,0
Chris Smalling,31,11/22/1989,Premier League,2018/2019,Defender,Manchester United,2128,England,1,0,0,1,0
Chris Wood,29,12/7/1991,Premier League,2018/2019,Forward,Burnley,2582,New Zealand,10,2,0,2,0
Christian Atsu Twasam,29,1/10/1992,Premier League,2018/2019,Midfielder,Newcastle United,1487,Ghana,1,0,0,2,0
Christian Benteke,30,12/3/1990,Premier League,2018/2019,Forward,Crystal Palace,813,Belgium,1,1,0,1,0
Christian Eriksen,29,2/14/1992,Premier League,2018/2019,Midfielder,Tottenham Hotspur,2772,Denmark,8,12,0,3,0
Christian Fuchs,34,4/7/1986,Premier League,2018/2019,Defender,Leicester City,206,Austria,0,0,0,0,0
Christian Kabasele,30,2/24/1991,Premier League,2018/2019,Defender,Watford,1587,Belgium,0,0,0,4,1
Christopher Schindler,30,4/29/1990,Premier League,2018/2019,Defender,Huddersfield Town,3262,Germany,1,0,0,6,1
Ciaran Clark,31,9/26/1989,Premier League,2018/2019,Defender,Newcastle United,857,Republic of Ireland,3,0,0,1,0
Claudio Andrés Bravo Muñoz,37,4/13/1983,Premier League,2018/2019,Goalkeeper,Manchester City,0,Chile,0,0,0,0,0
Collin Quaner,29,6/18/1991,Premier League,2018/2019,Forward,Huddersfield Town,37,Germany,0,0,0,0,0
Connor Wickham,28,3/31/1993,Premier League,2018/2019,Forward,Crystal Palace,61,England,0,1,0,0,0
Conor Coady,28,2/25/1993,Premier League,2018/2019,Midfielder,Wolverhampton Wanderers,3420,England,0,0,0,5,0
Conor Coventry,21,3/25/2000,Premier League,2018/2019,Midfielder,West Ham United,0,Republic of Ireland,0,0,0,0,0
Craig Cathcart,32,2/6/1989,Premier League,2018/2019,Defender,Watford,3099,Northern Ireland,3,0,0,2,0
Curtis Jones,20,1/30/2001,Premier League,2018/2019,Midfielder,Liverpool,0,England,0,0,0,0,0
Cyrus Christie,28,9/30/1992,Premier League,2018/2019,Defender,Fulham,1943,Republic of Ireland,0,1,0,7,0
Dale Stephens,31,6/12/1989,Premier League,2018/2019,Midfielder,Brighton & Hove Albion,2487,England,1,1,0,7,1
Damián Emiliano Martínez,28,9/2/1992,Premier League,2018/2019,Goalkeeper,Arsenal,0,Argentina,0,0,0,0,0
Dan Burn,28,5/9/1992,Premier League,2018/2019,Defender,Brighton & Hove Albion,0,England,0,0,0,0,0
Dan Gosling,31,2/1/1990,Premier League,2018/2019,Midfielder,AFC Bournemouth,1737,England,2,1,0,8,0
Daniel Amartey,26,12/21/1994,Premier League,2018/2019,Midfielder,Leicester City,640,Ghana,0,0,0,2,0
Daniel Sturridge,31,9/1/1989,Premier League,2018/2019,Forward,Liverpool,496,England,2,1,0,1,0
Daniel William John Ings,28,7/23/1992,Premier League,2018/2019,Forward,Southampton,1668,England,7,3,3,1,0
Daniel Williams,32,3/8/1989,Premier League,2018/2019,Midfielder,Huddersfield Town,93,USA,0,0,0,1,0
Danilo,29,7/15/1991,Premier League,2018/2019,Defender,Manchester City,806,Brazil,1,0,0,1,0
Danny Drinkwater,31,3/5/1990,Premier League,2018/2019,Midfielder,Chelsea,0,England,0,0,0,0,0
Danny Rose,30,7/2/1990,Premier League,2018/2019,Defender,Tottenham Hotspur,1806,England,0,3,0,5,0
Danny Simpson,34,1/4/1987,Premier League,2018/2019,Defender,Leicester City,291,England,0,0,0,0,0
Danny Ward,27,6/22/1993,Premier League,2018/2019,Goalkeeper,Leicester City,0,Wales,0,0,0,0,0
Danny Ward,30,12/9/1990,Premier League,2018/2019,Forward,Cardiff City,440,England,1,0,0,0,0
Danny Welbeck,30,11/26/1990,Premier League,2018/2019,Forward,Arsenal,147,England,1,1,0,0,0
Daryl Janmaat,31,7/22/1989,Premier League,2018/2019,Defender,Watford,1521,Netherlands,0,2,0,3,0
David Brooks,23,7/8/1997,Premier League,2018/2019,Forward,AFC Bournemouth,2278,England,7,5,0,3,0
David Button,32,2/27/1989,Premier League,2018/2019,Goalkeeper,Brighton & Hove Albion,360,England,0,0,0,0,0
David de Gea,30,11/7/1990,Premier League,2018/2019,Goalkeeper,Manchester United,3420,Spain,0,0,0,1,0
David Junior Hoilett,30,6/5/1990,Premier League,2018/2019,Forward,Cardiff City,2142,Canada,3,1,0,4,0
David Luiz,33,4/22/1987,Premier League,2018/2019,Defender,Chelsea,3239,Brazil,3,2,0,3,0
David Silva,35,1/8/1986,Premier League,2018/2019,Midfielder,Manchester City,2411,Spain,6,8,0,3,0
Davide Zappacosta,28,6/11/1992,Premier League,2018/2019,Defender,Chelsea,125,Italy,0,0,0,0,0
Davinson Sánchez Mina,24,6/12/1996,Premier League,2018/2019,Defender,Tottenham Hotspur,1943,Colombia,1,1,0,2,0
Davy Pröpper,29,9/2/1991,Premier League,2018/2019,Midfielder,Brighton & Hove Albion,2551,Netherlands,1,1,0,2,0
DeAndre Yedlin,27,7/9/1993,Premier League,2018/2019,Defender,Newcastle United,2475,USA,1,2,0,7,1
Declan Rice,22,1/14/1999,Premier League,2018/2019,Midfielder,West Ham United,3005,Republic of Ireland,2,0,0,4,0
Dejan Lovren,31,7/5/1989,Premier League,2018/2019,Defender,Liverpool,985,Croatia,1,0,0,1,0
Dele Alli,24,4/11/1996,Premier League,2018/2019,Midfielder,Tottenham Hotspur,1827,England,5,3,0,4,0
Demarai Gray,24,6/28/1996,Premier League,2018/2019,Midfielder,Leicester City,1992,England,4,1,0,2,0
Demeaco Duhaney,22,10/13/1998,Premier League,2018/2019,Defender,Huddersfield Town,46,England,0,0,0,0,0
Denis Odoi,32,5/27/1988,Premier League,2018/2019,Defender,Fulham,2593,Belgium,0,1,0,4,0
Denis Suárez,27,1/6/1994,Premier League,2018/2019,Midfielder,Arsenal,67,Spain,0,0,0,0,0
Diego Rico,28,2/23/1993,Premier League,2018/2019,Defender,AFC Bournemouth,607,Spain,0,0,0,1,0
Diogo José Teixeira da Silva,24,12/4/1996,Premier League,2018/2019,Midfielder,Wolverhampton Wanderers,2371,Portugal,9,5,0,11,0
Divock Origi,25,4/18/1995,Premier League,2018/2019,Forward,Liverpool,366,Belgium,3,1,0,0,0
Domingos Quina,21,11/18/1999,Premier League,2018/2019,Midfielder,Watford,335,Portugal,1,0,0,0,0
Dominic Calvert-Lewin,24,3/16/1997,Premier League,2018/2019,Forward,Everton,1774,England,6,2,0,3,0
Dominic Solanke,23,9/14/1997,Premier League,2018/2019,Forward,AFC Bournemouth,341,England,0,1,0,0,0
Dwight McNeil,21,11/22/1999,Premier League,2018/2019,Forward,Burnley,1599,England,3,5,0,2,0
Eden Hazard,30,1/7/1991,Premier League,2018/2019,Midfielder,Chelsea,2926,Belgium,16,15,4,2,0
Ederson,27,8/17/1993,Premier League,2018/2019,Goalkeeper,Manchester City,3420,Brazil,0,1,0,2,0
Edward Nketiah,21,5/30/1999,Premier League,2018/2019,Forward,Arsenal,62,England,1,0,0,0,0
Elias Kachunga,28,4/22/1992,Premier League,2018/2019,Forward,Huddersfield Town,1181,Congo DR,0,0,0,2,0
Emerson Hyndman,25,4/9/1996,Premier League,2018/2019,Midfielder,AFC Bournemouth,37,USA,0,0,0,0,0
Emerson Palmieri dos Santos,26,8/3/1994,Premier League,2018/2019,Defender,Chelsea,660,Italy,0,0,0,0,0
Emile Smith Rowe,20,7/28/2000,Premier League,2018/2019,Midfielder,Arsenal,0,England,0,0,0,0,0
Eric Bertrand Bailly,26,4/12/1994,Premier League,2018/2019,Defender,Manchester United,637,Côte d'Ivoire,0,0,0,1,1
Eric Dier,27,1/15/1994,Premier League,2018/2019,Midfielder,Tottenham Hotspur,1510,England,3,0,0,4,0
Erik Durm,28,5/12/1992,Premier League,2018/2019,Defender,Huddersfield Town,2052,Germany,0,1,0,0,0
Erik Lamela,29,3/4/1992,Premier League,2018/2019,Midfielder,Tottenham Hotspur,971,Argentina,4,2,0,2,0
Ethan Ampadu,20,9/14/2000,Premier League,2018/2019,Midfielder,Chelsea,0,Wales,0,0,0,0,0
Etienne Capoue,32,7/11/1988,Premier League,2018/2019,Midfielder,Watford,2947,France,1,3,0,15,1
Fabián Cornelio Balbuena González,29,8/23/1991,Premier League,2018/2019,Defender,West Ham United,2014,Paraguay,1,0,0,2,0
Fabian Delph,31,11/21/1989,Premier League,2018/2019,Midfielder,Manchester City,725,England,0,1,0,2,1
Fabian Schär,29,12/20/1991,Premier League,2018/2019,Defender,Newcastle United,2002,Switzerland,4,1,0,12,0
Fabinho,27,10/23/1993,Premier League,2018/2019,Midfielder,Liverpool,2013,Brazil,1,2,0,6,0
Fabricio Martín Agosto Ramírez,33,12/31/1987,Premier League,2018/2019,Goalkeeper,Fulham,180,Spain,0,0,0,0,0
Faustino Marcos Alberto Rojo,31,3/20/1990,Premier League,2018/2019,Defender,Manchester United,211,Argentina,0,0,0,2,0
Federico Fernández,32,2/21/1989,Premier League,2018/2019,Defender,Newcastle United,1484,Argentina,0,1,0,2,0
Felipe Anderson Pereira Gomes,27,4/15/1993,Premier League,2018/2019,Midfielder,West Ham United,3054,Brazil,9,4,0,3,0
Fernando Llorente Torres,36,2/26/1985,Premier League,2018/2019,Forward,Tottenham Hotspur,683,Spain,1,4,0,2,0
Fernando Luiz Rosa,35,5/4/1985,Premier League,2018/2019,Midfielder,Manchester City,2381,Brazil,1,3,0,5,0
Florent Hadergjonaj,26,7/31/1994,Premier League,2018/2019,Defender,Huddersfield Town,1840,Switzerland,0,0,0,1,0
Florian Lejeune,29,5/20/1991,Premier League,2018/2019,Defender,Newcastle United,1055,France,0,0,0,0,0
Florin Andone,27,4/11/1993,Premier League,2018/2019,Forward,Brighton & Hove Albion,874,Romania,3,0,0,5,0
Floyd Ayité,32,12/15/1988,Premier League,2018/2019,Midfielder,Fulham,465,Togo,1,0,0,0,0
Fousseni Diabaté,25,10/18/1995,Premier League,2018/2019,Midfielder,Leicester City,55,Mali,0,0,0,0,0
Francisco Femenía Far,30,2/2/1991,Premier League,2018/2019,Midfielder,Watford,2045,Spain,1,1,0,1,0
Fraser Forster,33,3/17/1988,Premier League,2018/2019,Goalkeeper,Southampton,90,England,0,0,0,0,0
Freddie Woodman,24,3/4/1997,Premier League,2018/2019,Goalkeeper,Newcastle United,0,England,0,0,0,0,0
Frederico Rodrigues Santos,28,3/5/1993,Premier League,2018/2019,Midfielder,Manchester United,1045,Brazil,1,1,0,2,0
Gabriel Jesus,24,4/3/1997,Premier League,2018/2019,Forward,Manchester City,1019,Brazil,7,3,1,1,0
Gaëtan Bong Songo,32,4/25/1988,Premier League,2018/2019,Defender,Brighton & Hove Albion,1805,Cameroon,0,0,0,0,0
Gary Cahill,35,12/19/1985,Premier League,2018/2019,Defender,Chelsea,22,England,0,0,0,0,0
Gary Madine,30,8/24/1990,Premier League,2018/2019,Forward,Cardiff City,32,England,0,0,0,0,0
George Marsh,22,11/5/1998,Premier League,2018/2019,Midfielder,Tottenham Hotspur,0,England,0,0,0,0,0
Georges-Kevin N'Koudou Mbida,26,2/13/1995,Premier League,2018/2019,Forward,Tottenham Hotspur,4,France,0,1,0,0,0
Georginio Wijnaldum,30,11/11/1990,Premier League,2018/2019,Midfielder,Liverpool,2735,Netherlands,3,0,0,3,0
Gerard Deulofeu,27,3/13/1994,Premier League,2018/2019,Forward,Watford,2082,Spain,10,5,0,3,0
Glenn Murray,37,9/25/1983,Premier League,2018/2019,Forward,Brighton & Hove Albion,2513,England,13,1,4,5,0
Gonzalo Higuain,33,12/10/1987,Premier League,2018/2019,Forward,Chelsea,1092,Argentina,5,0,0,0,0
Grady Diangana,22,4/19/1998,Premier League,2018/2019,Midfielder,West Ham United,604,England,0,1,0,0,0
Granit Xhaka,28,9/27/1992,Premier League,2018/2019,Midfielder,Arsenal,2502,Switzerland,4,2,0,10,0
Greg Cunningham,30,1/31/1991,Premier League,2018/2019,Defender,Cardiff City,630,Republic of Ireland,0,0,0,3,0
Gylfi Sigurdsson,31,9/8/1989,Premier League,2018/2019,Midfielder,Everton,3134,Iceland,13,6,2,3,0
Hamza Choudhury,23,10/1/1997,Premier League,2018/2019,Midfielder,Leicester City,596,England,0,0,0,0,0
Harry Arter,31,12/28/1989,Premier League,2018/2019,Midfielder,Cardiff City,2008,Republic of Ireland,0,1,0,10,0
Harry Kane,27,7/28/1993,Premier League,2018/2019,Forward,Tottenham Hotspur,2427,England,17,4,4,5,0
Harry Maguire,28,3/5/1993,Premier League,2018/2019,Defender,Leicester City,2599,England,3,0,0,7,1
Harry Winks,25,2/2/1996,Premier League,2018/2019,Midfielder,Tottenham Hotspur,1591,England,1,0,0,4,0
Harvey Elliot,0,1/1/1970,Premier League,2018/2019,Forward,Fulham,18,England,0,0,0,0,0
Harvey Lewis Barnes,23,12/9/1997,Premier League,2018/2019,Midfielder,Leicester City,1007,England,1,2,0,0,0
Håvard Nordtveit,30,6/21/1990,Premier League,2018/2019,Midfielder,Fulham,361,Norway,0,1,0,0,0
Hector Bellerin,26,3/19/1995,Premier League,2018/2019,Defender,Arsenal,1535,Spain,0,5,0,3,0
Hélder Wander Sousa Azevedo Costa,27,1/12/1994,Premier League,2018/2019,Midfielder,Wolverhampton Wanderers,1345,Portugal,1,2,0,3,0
Henrikh Mkhitaryan,32,1/21/1989,Premier League,2018/2019,Midfielder,Arsenal,1643,Armenia,6,4,0,1,0
Heung-Min Son,28,7/8/1992,Premier League,2018/2019,Forward,Tottenham Hotspur,2048,South Korea,12,6,0,3,1
Heurelho da Silva Gomes,40,2/15/1981,Premier League,2018/2019,Goalkeeper,Watford,0,Brazil,0,0,0,0,0
Hugo Lloris,34,12/26/1986,Premier League,2018/2019,Goalkeeper,Tottenham Hotspur,2970,France,0,0,0,0,0
Ibrahima Cissé,27,2/28/1994,Premier League,2018/2019,Midfielder,Fulham,87,Belgium,0,0,0,0,0
Idrissa Gana Gueye,31,9/26/1989,Premier League,2018/2019,Midfielder,Everton,2825,Senegal,0,2,0,6,0
İlkay Gündoğan,30,10/24/1990,Premier League,2018/2019,Midfielder,Manchester City,2135,Germany,6,3,0,3,0
Isaac Ajayi Success,25,1/7/1996,Premier League,2018/2019,Forward,Watford,1037,Nigeria,1,1,0,4,0
Isaac Hayden,26,3/22/1995,Premier League,2018/2019,Midfielder,Newcastle United,1886,England,1,4,0,4,1
Isaac Mbenza,25,3/8/1996,Premier League,2018/2019,Forward,Huddersfield Town,981,Belgium,1,1,0,1,0
Issa Diop,24,1/9/1997,Premier League,2018/2019,Defender,West Ham United,2970,France,1,0,0,4,0
Ivan Ricardo Neves Abreu Cavaleiro,27,10/18/1993,Premier League,2018/2019,Forward,Wolverhampton Wanderers,683,Portugal,3,1,0,1,0
Jack Cork,31,6/25/1989,Premier League,2018/2019,Midfielder,Burnley,3313,England,1,2,0,6,0
Jack Simpson,24,12/18/1996,Premier League,2018/2019,Defender,AFC Bournemouth,403,England,0,0,0,0,0
Jack Stephens,27,1/27/1994,Premier League,2018/2019,Defender,Southampton,1697,England,1,0,0,4,0
Jack Wilshere,29,1/1/1992,Premier League,2018/2019,Midfielder,West Ham United,389,England,0,1,0,2,0
Jacob Murphy,26,2/24/1995,Premier League,2018/2019,Midfielder,Newcastle United,300,England,0,1,0,0,0
Jaïro Riedewald,24,9/9/1996,Premier League,2018/2019,Defender,Crystal Palace,0,Netherlands,0,0,0,0,0
Jamal Lascelles,27,11/11/1993,Premier League,2018/2019,Defender,Newcastle United,2748,England,0,1,0,4,0
James Garner,20,3/13/2001,Premier League,2018/2019,Defender,Manchester United,0,England,0,0,0,0,0
James Maddison,24,11/23/1996,Premier League,2018/2019,Midfielder,Leicester City,2850,England,7,7,1,5,1
James McArthur,33,10/7/1987,Premier League,2018/2019,Midfielder,Crystal Palace,3071,Scotland,3,6,0,7,0
James McCarthy,30,11/12/1990,Premier League,2018/2019,Midfielder,Everton,14,Republic of Ireland,0,0,0,0,0
James Milner,35,1/4/1986,Premier League,2018/2019,Midfielder,Liverpool,1785,England,5,4,3,7,1
James Tarkowski,28,11/19/1992,Premier League,2018/2019,Defender,Burnley,3087,England,3,1,0,8,0
James Tomkins,32,3/29/1989,Premier League,2018/2019,Defender,Crystal Palace,2563,England,1,1,0,6,0
James Ward-Prowse,26,11/1/1994,Premier League,2018/2019,Midfielder,Southampton,1942,England,7,0,1,4,0
Jamie Sterry,25,11/21/1995,Premier League,2018/2019,Defender,Newcastle United,0,England,0,0,0,0,0
Jamie Vardy,34,1/11/1987,Premier League,2018/2019,Forward,Leicester City,2735,England,18,4,4,4,1
Jan Bednarek,24,4/12/1996,Premier League,2018/2019,Defender,Southampton,2151,Poland,0,1,0,7,0
Jan Vertonghen,33,4/24/1987,Premier League,2018/2019,Defender,Tottenham Hotspur,1915,Belgium,1,0,0,5,1
Jannik Vestergaard,28,8/3/1992,Premier League,2018/2019,Defender,Southampton,2030,Denmark,0,0,0,2,0
Jason Puncheon,34,6/26/1986,Premier League,2018/2019,Midfielder,Huddersfield Town,391,England,0,0,0,1,0
Jason Steele,30,8/18/1990,Premier League,2018/2019,Goalkeeper,Brighton & Hove Albion,0,England,0,0,0,0,0
Javier Hernandez,32,6/1/1988,Premier League,2018/2019,Forward,West Ham United,1335,Mexico,7,1,0,2,0
Javier Manquillo Gaitán,26,5/5/1994,Premier League,2018/2019,Defender,Newcastle United,1097,Spain,0,3,0,2,0
Jayson Molumby,21,8/6/1999,Premier League,2018/2019,Midfielder,Brighton & Hove Albion,0,Republic of Ireland,0,0,0,0,0
Jazz Richards,29,4/12/1991,Premier League,2018/2019,Defender,Cardiff City,128,Wales,0,0,0,0,0
Jean Michaël Seri,29,7/19/1991,Premier League,2018/2019,Midfielder,Fulham,2252,Côte d'Ivoire,1,2,0,6,0
Jeff Hendrick,29,1/31/1992,Premier League,2018/2019,Midfielder,Burnley,2069,Republic of Ireland,3,0,0,4,0
Jefferson Lerma,26,10/25/1994,Premier League,2018/2019,Midfielder,AFC Bournemouth,2511,Colombia,2,0,0,12,0
Jeffrey Schlupp,28,12/23/1992,Premier League,2018/2019,Defender,Crystal Palace,1665,Ghana,4,1,0,1,0
Jermain Defoe,38,10/7/1982,Premier League,2018/2019,Forward,AFC Bournemouth,21,England,0,0,0,0,0
Jesse Lingard,28,12/15/1992,Premier League,2018/2019,Midfielder,Manchester United,1668,England,4,2,1,3,0
João Moutinho,34,9/8/1986,Premier League,2018/2019,Midfielder,Wolverhampton Wanderers,3040,Portugal,1,8,0,4,0
Joe Bennett,31,3/28/1990,Premier League,2018/2019,Defender,Cardiff City,2641,England,0,1,0,5,0
Joe Bryan,27,9/17/1993,Premier League,2018/2019,Defender,Fulham,2350,England,0,1,0,5,0
Joe Daniel Tupper,23,11/15/1997,Premier League,2018/2019,Goalkeeper,Crystal Palace,0,England,0,0,0,0,0
Joe Gomez,23,5/23/1997,Premier League,2018/2019,Defender,Liverpool,1060,England,0,0,0,2,0
Joe Hart,33,4/19/1987,Premier League,2018/2019,Goalkeeper,Burnley,1710,England,0,0,0,0,0
Joe Powell,22,10/30/1998,Premier League,2018/2019,Forward,West Ham United,0,England,0,0,0,0,0
Joe Ralls,27,10/13/1993,Premier League,2018/2019,Midfielder,Cardiff City,1959,England,0,0,0,5,1
Joel Coleman,25,9/26/1995,Premier League,2018/2019,Goalkeeper,Huddersfield Town,90,England,0,0,0,0,0
Joel Matip,29,8/8/1991,Premier League,2018/2019,Defender,Liverpool,1532,Cameroon,1,0,0,3,0
Joel Ward,31,10/29/1989,Premier League,2018/2019,Defender,Crystal Palace,551,England,1,0,0,1,0
Johann Berg Guðmunds­son,30,10/27/1990,Premier League,2018/2019,Midfielder,Burnley,1748,Iceland,3,6,0,2,0
John Ruddy,34,10/24/1986,Premier League,2018/2019,Goalkeeper,Wolverhampton Wanderers,90,England,0,0,0,0,0
John Stones,26,5/28/1994,Premier League,2018/2019,Defender,Manchester City,1762,England,0,0,0,1,0
Jon Gorenc Stankovič,25,1/14/1996,Premier League,2018/2019,Defender,Huddersfield Town,718,Slovenia,1,0,0,2,0
Jonas Lössl,32,2/1/1989,Premier League,2018/2019,Goalkeeper,Huddersfield Town,2777,Denmark,0,1,0,1,0
Jonathan Hogg,32,12/6/1988,Premier League,2018/2019,Midfielder,Huddersfield Town,2377,England,0,1,0,9,1
Jonathan Walters,37,9/20/1983,Premier League,2018/2019,Forward,Burnley,0,Republic of Ireland,0,0,0,0,0
Jonjo Shelvey,29,2/27/1992,Premier League,2018/2019,Midfielder,Newcastle United,944,England,1,1,0,1,0
Jonjoe Kenny,24,3/15/1997,Premier League,2018/2019,Defender,Everton,790,England,0,1,0,1,0
Jonny,27,3/3/1994,Premier League,2018/2019,Defender,Wolverhampton Wanderers,2780,Spain,1,1,0,6,0
Jonny Evans,33,1/3/1988,Premier League,2018/2019,Defender,Leicester City,1995,Northern Ireland,1,0,0,2,0
Jordan Ayew,29,9/11/1991,Premier League,2018/2019,Forward,Crystal Palace,1186,Ghana,1,2,0,3,0
Jordan Henderson,30,6/17/1990,Premier League,2018/2019,Midfielder,Liverpool,1983,England,1,3,0,3,1
Jordan Pickford,27,3/7/1994,Premier League,2018/2019,Goalkeeper,Everton,3420,England,0,0,0,1,0
Jordon Ibe,25,12/8/1995,Premier League,2018/2019,Midfielder,AFC Bournemouth,795,England,1,1,0,1,0
Jorginho,29,12/20/1991,Premier League,2018/2019,Midfielder,Chelsea,3165,Italy,2,0,1,8,0
José Diogo Dalot Teixeira,22,3/18/1999,Premier League,2018/2019,Defender,Manchester United,1015,Portugal,0,2,0,3,0
José Holebas,36,6/27/1984,Premier League,2018/2019,Defender,Watford,2394,Greece,3,6,0,13,1
Jose Izquierdo,28,7/7/1992,Premier League,2018/2019,Forward,Brighton & Hove Albion,794,Colombia,0,1,0,1,0
José Luis Sanmartín Mato,31,3/27/1990,Premier League,2018/2019,Forward,Newcastle United,586,Spain,2,0,0,1,0
Joseph Willock,21,8/20/1999,Premier League,2018/2019,Midfielder,Arsenal,64,England,0,0,0,0,0
Josh Benson,21,12/5/1999,Premier League,2018/2019,Midfielder,Burnley,0,England,0,0,0,0,0
Josh Knight,23,9/7/1997,Premier League,2018/2019,Defender,Leicester City,0,England,0,0,0,0,0
Josh Murphy,26,2/24/1995,Premier League,2018/2019,Forward,Cardiff City,1825,England,3,2,0,2,0
Joshua King,29,1/15/1992,Premier League,2018/2019,Forward,AFC Bournemouth,2974,Norway,12,3,5,3,0
Joshua Sims,24,3/28/1997,Premier League,2018/2019,Midfielder,Southampton,209,England,0,1,0,0,0
Juan Marcos Foyth,23,1/12/1998,Premier League,2018/2019,Defender,Tottenham Hotspur,930,Argentina,1,0,0,4,1
Juan Mata,32,4/28/1988,Premier League,2018/2019,Midfielder,Manchester United,1294,Spain,3,2,0,3,0
Julián Speroni,41,5/18/1979,Premier League,2018/2019,Goalkeeper,Crystal Palace,90,Argentina,0,0,0,0,0
Juninho Bacuna,23,8/7/1997,Premier League,2018/2019,Midfielder,Huddersfield Town,1414,Netherlands,1,0,0,4,0
Junior Stanislas,31,11/26/1989,Premier League,2018/2019,Midfielder,AFC Bournemouth,1027,England,2,3,1,1,0
Jürgen Locadia,27,11/7/1993,Premier League,2018/2019,Forward,Brighton & Hove Albion,1227,Netherlands,2,0,0,1,0
Kadeem Harris,27,6/8/1993,Premier League,2018/2019,Midfielder,Cardiff City,366,England,1,0,0,1,0
Karl Darlow,30,10/8/1990,Premier League,2018/2019,Goalkeeper,Newcastle United,0,England,0,0,0,0,0
Karlan Ahearne-Grant,23,12/19/1997,Premier League,2018/2019,Forward,Huddersfield Town,874,England,4,0,0,0,0
Kasper Schmeichel,34,11/5/1986,Premier League,2018/2019,Goalkeeper,Leicester City,3420,Denmark,0,0,0,3,0
Kayne Ramsey,20,10/10/2000,Premier League,2018/2019,Midfielder,Southampton,90,England,0,0,0,0,0
Kazaiah Sterling,22,11/9/1998,Premier League,2018/2019,Forward,Tottenham Hotspur,0,England,0,0,0,0,0
Kelechi Iheanacho,24,10/3/1996,Premier League,2018/2019,Forward,Leicester City,926,Nigeria,1,3,0,2,0
Kelland Watts,21,11/3/1999,Premier League,2018/2019,Midfielder,Newcastle United,0,England,0,0,0,0,0
Ken Sema,27,9/30/1993,Premier League,2018/2019,Midfielder,Watford,755,Sweden,1,2,0,1,0
Kenneth Dahrup Zohorè,27,1/31/1994,Premier League,2018/2019,Forward,Cardiff City,746,Denmark,1,1,0,1,0
Kepa Arrizabalaga,26,10/3/1994,Premier League,2018/2019,Goalkeeper,Chelsea,3240,Spain,0,0,0,2,0
Kevin De Bruyne,29,6/28/1991,Premier League,2018/2019,Midfielder,Manchester City,974,Belgium,2,2,0,2,0
Kevin Long,30,8/18/1990,Premier League,2018/2019,Defender,Burnley,513,Republic of Ireland,0,1,0,0,0
Kevin McDonald,32,11/4/1988,Premier League,2018/2019,Midfielder,Fulham,842,Scotland,0,0,0,6,1
Kieran Dowell,23,10/10/1997,Premier League,2018/2019,Midfielder,Everton,0,England,0,0,0,0,0
Kieran Trippier,30,9/19/1990,Premier League,2018/2019,Defender,Tottenham Hotspur,2278,England,1,3,0,2,0
Konstantinos Mavropanos,23,12/11/1997,Premier League,2018/2019,Defender,Arsenal,150,Greece,0,0,0,1,0
Kortney Hause,25,7/16/1995,Premier League,2018/2019,Defender,Wolverhampton Wanderers,0,England,0,0,0,0,0
Kurt Zouma,26,10/27/1994,Premier League,2018/2019,Defender,Everton,2610,France,2,2,0,5,1
Kyle Taylor,21,8/28/1999,Premier League,2018/2019,Midfielder,AFC Bournemouth,0,England,0,0,0,0,0
Kyle Walker,30,5/28/1990,Premier League,2018/2019,Defender,Manchester City,2777,England,1,1,0,3,0
Kyle Walker-Peters,23,4/13/1997,Premier League,2018/2019,Defender,Tottenham Hotspur,374,England,0,3,0,1,0
Laurent Depoitre,32,12/7/1988,Premier League,2018/2019,Forward,Huddersfield Town,1059,Belgium,0,1,0,1,0
Laurent Koscielny,35,9/10/1985,Premier League,2018/2019,Defender,Arsenal,1328,France,3,0,0,1,0
Lazar Marković,27,3/2/1994,Premier League,2018/2019,Midfielder,Fulham,44,Serbia,0,0,0,0,0
Leander Dendoncker,25,4/15/1995,Premier League,2018/2019,Midfielder,Wolverhampton Wanderers,1469,Belgium,2,0,0,1,0
Leandro Bacuna,29,8/21/1991,Premier League,2018/2019,Midfielder,Cardiff City,554,Curaçao,0,0,0,2,0
Lee Grant,38,1/27/1983,Premier League,2018/2019,Goalkeeper,Manchester United,0,England,0,0,0,0,0
Lee Peltier,34,12/11/1986,Premier League,2018/2019,Defender,Cardiff City,1542,England,0,0,0,4,0
Leighton Baines,36,12/11/1984,Premier League,2018/2019,Defender,Everton,376,England,0,0,0,0,0
Leon Balogun,32,6/28/1988,Premier League,2018/2019,Defender,Brighton & Hove Albion,591,Nigeria,1,0,0,2,0
Leonardo Bonatini Lohner Maia,27,3/28/1994,Premier League,2018/2019,Forward,Wolverhampton Wanderers,128,Brazil,0,1,0,0,0
Leroy Sané,25,1/11/1996,Premier League,2018/2019,Midfielder,Manchester City,1867,Germany,10,10,0,1,0
Lewis Cass,21,2/27/2000,Premier League,2018/2019,Defender,Newcastle United,0,England,0,0,0,0,0
Lewis Cook,24,2/3/1997,Premier League,2018/2019,Midfielder,AFC Bournemouth,721,England,0,0,0,2,0
Lewis Dunk,29,11/21/1991,Premier League,2018/2019,Defender,Brighton & Hove Albion,3153,England,2,1,0,7,1
Loïc Damour,30,1/8/1991,Premier League,2018/2019,Midfielder,Cardiff City,21,France,0,0,0,0,0
Loris Karius,27,6/22/1993,Premier League,2018/2019,Goalkeeper,Liverpool,0,Germany,0,0,0,0,0
Luca de la Torre,22,5/23/1998,Premier League,2018/2019,Midfielder,Fulham,0,USA,0,0,0,0,0
Lucas Digne,27,7/20/1993,Premier League,2018/2019,Defender,Everton,2990,France,4,4,0,6,1
Lucas Perez,32,9/10/1988,Premier League,2018/2019,Forward,West Ham United,468,Spain,3,0,0,0,0
Lucas Rodrigues Moura da Silva,28,8/13/1992,Premier League,2018/2019,Midfielder,Tottenham Hotspur,2127,Brazil,10,0,0,3,0
Lucas Torreira,25,2/11/1996,Premier League,2018/2019,Midfielder,Arsenal,2377,Uruguay,2,2,0,8,1
Luciano Vietto,27,12/5/1993,Premier League,2018/2019,Forward,Fulham,983,Argentina,1,4,0,1,0
Luka Milivojević,29,4/7/1991,Premier League,2018/2019,Midfielder,Crystal Palace,3420,Serbia,12,2,10,10,0
Luke Amos,24,2/23/1997,Premier League,2018/2019,Midfielder,Tottenham Hotspur,2,England,0,0,0,0,0
Luke Dreher,22,11/27/1998,Premier League,2018/2019,Midfielder,Crystal Palace,0,England,0,0,0,0,0
Luke Shaw,25,7/12/1995,Premier League,2018/2019,Defender,Manchester United,2592,England,1,4,0,11,0
Lys Mousset,25,2/8/1996,Premier League,2018/2019,Forward,AFC Bournemouth,345,France,1,0,0,1,0
Maarten Stekelenburg,38,9/22/1982,Premier League,2018/2019,Goalkeeper,Everton,0,Netherlands,0,0,0,0,0
Mamadou Sakho,31,2/13/1990,Premier League,2018/2019,Defender,Crystal Palace,2417,France,0,0,0,2,0
Manolo Gabbiadini,29,11/26/1991,Premier League,2018/2019,Forward,Southampton,470,Italy,1,0,0,0,0
Manuel Lanzini,28,2/15/1993,Premier League,2018/2019,Midfielder,West Ham United,688,Argentina,1,1,0,2,0
Marc Albrighton,31,11/18/1989,Premier League,2018/2019,Midfielder,Leicester City,1626,England,2,2,0,3,0
Marc Guehi,20,7/13/2000,Premier League,2018/2019,Defender,Chelsea,0,England,0,0,0,0,0
Marc Navarro Ceciliano,25,7/2/1995,Premier League,2018/2019,Defender,Watford,84,Spain,0,0,0,0,0
Marc Pugh,34,4/2/1987,Premier League,2018/2019,Midfielder,AFC Bournemouth,0,England,0,0,0,0,0
Marcos Alonso,30,12/28/1990,Premier League,2018/2019,Defender,Chelsea,2761,Spain,2,4,0,6,0
Marcus Bettinelli,28,5/24/1992,Premier League,2018/2019,Goalkeeper,Fulham,630,England,0,0,0,1,0
Marcus Rashford,23,10/31/1997,Premier League,2018/2019,Forward,Manchester United,2362,England,10,6,0,4,1
Mario Lemina,27,9/1/1993,Premier League,2018/2019,Midfielder,Southampton,1615,Gabon,1,1,0,5,0
Mark Noble,33,5/8/1987,Premier League,2018/2019,Midfielder,West Ham United,2308,England,5,5,4,7,1
Mark Travers,21,5/18/1999,Premier League,2018/2019,Goalkeeper,AFC Bournemouth,180,Republic of Ireland,0,0,0,0,0
Marko Arnautović,31,4/19/1989,Premier League,2018/2019,Forward,West Ham United,2000,Austria,10,4,1,3,0
Markus Suttner,33,4/16/1987,Premier League,2018/2019,Defender,Brighton & Hove Albion,0,Austria,0,0,0,0,0
Marouane Fellaini,33,11/22/1987,Premier League,2018/2019,Midfielder,Manchester United,744,Belgium,0,1,0,1,0
Martin Dúbravka,32,1/15/1989,Premier League,2018/2019,Goalkeeper,Newcastle United,3420,Slovakia,0,0,0,1,0
Martin Kelly,30,4/27/1990,Premier League,2018/2019,Defender,Crystal Palace,1110,England,0,0,0,2,0
Martín Montoya,29,4/14/1991,Premier League,2018/2019,Defender,Brighton & Hove Albion,2166,Spain,0,1,0,4,0
Mason Greenwood,19,10/1/2001,Premier League,2018/2019,Midfielder,Manchester United,115,England,0,0,0,0,0
Mason Holgate,24,10/22/1996,Premier League,2018/2019,Defender,Everton,407,England,0,0,0,1,0
Matěj Vydra,28,5/1/1992,Premier League,2018/2019,Forward,Burnley,311,Czech Republic,1,1,0,1,0
Mateo Kovačić,26,5/6/1994,Premier League,2018/2019,Midfielder,Chelsea,1743,Croatia,0,2,0,3,0
Mathew Ryan,28,4/8/1992,Premier League,2018/2019,Goalkeeper,Brighton & Hove Albion,3060,Australia,0,0,0,2,0
Mathias Jattah-Njie Jørgensen,30,4/23/1990,Premier League,2018/2019,Defender,Huddersfield Town,2148,Denmark,3,1,0,6,0
Matt Butcher,23,5/14/1997,Premier League,2018/2019,Midfielder,AFC Bournemouth,0,England,0,0,0,0,0
Matt Doherty,29,1/16/1992,Premier League,2018/2019,Defender,Wolverhampton Wanderers,3147,Republic of Ireland,4,5,0,5,0
Matt Ritchie,31,9/10/1989,Premier League,2018/2019,Midfielder,Newcastle United,2940,Scotland,2,8,1,9,0
Matt Targett,25,9/18/1995,Premier League,2018/2019,Defender,Southampton,1185,England,1,3,0,2,0
Matteo Darmian,31,12/2/1989,Premier League,2018/2019,Defender,Manchester United,443,Italy,0,0,0,0,0
Mattéo Guendouzi Olié,21,4/14/1999,Premier League,2018/2019,Midfielder,Arsenal,2143,France,0,0,0,9,0
Matthew Connolly,33,9/24/1987,Premier League,2018/2019,Defender,Cardiff City,0,England,0,0,0,0,0
Matthew Lowton,31,6/9/1989,Premier League,2018/2019,Defender,Burnley,1748,England,0,0,0,7,0
Matty Daly,20,3/10/2001,Premier League,2018/2019,Midfielder,Huddersfield Town,73,England,0,0,0,0,0
Max Harrison Sanders,22,1/4/1999,Premier League,2018/2019,Midfielder,Brighton & Hove Albion,0,England,0,0,0,0,0
Max Kilman,23,5/23/1997,Premier League,2018/2019,Defender,Wolverhampton Wanderers,0,England,0,0,0,0,0
Max Meyer,25,9/18/1995,Premier League,2018/2019,Midfielder,Crystal Palace,1414,Germany,1,2,0,3,0
Maxime Le Marchand,31,10/11/1989,Premier League,2018/2019,Defender,Fulham,2251,France,0,1,0,5,0
Maya Yoshida,32,8/24/1988,Premier League,2018/2019,Defender,Southampton,1520,Japan,0,1,0,0,0
Mesut Özil,32,10/15/1988,Premier League,2018/2019,Midfielder,Arsenal,1741,Germany,5,2,0,2,0
Michael Keane,28,1/11/1993,Premier League,2018/2019,Defender,Everton,2970,England,1,2,0,2,0
Michael Obafemi,20,7/6/2000,Premier League,2018/2019,Forward,Southampton,134,Republic of Ireland,1,1,0,1,0
Michail Antonio,31,3/28/1990,Premier League,2018/2019,Midfielder,West Ham United,2099,England,6,4,0,3,0
Michel Vorm,37,10/20/1983,Premier League,2018/2019,Goalkeeper,Tottenham Hotspur,180,Netherlands,0,0,0,0,0
Michy Batshuayi,27,10/2/1993,Premier League,2018/2019,Forward,Crystal Palace,756,Belgium,5,0,0,0,0
Miguel Ángel Almirón Rejala,27,2/10/1994,Premier League,2018/2019,Midfielder,Newcastle United,763,Paraguay,0,0,0,0,0
Miguel Ángel Britos Cabrera,35,7/17/1985,Premier League,2018/2019,Defender,Watford,185,Uruguay,0,0,0,0,0
Mohamed Diamé,33,6/14/1987,Premier League,2018/2019,Midfielder,Newcastle United,2165,Senegal,0,0,0,3,0
Mohamed Elneny,28,7/11/1992,Premier League,2018/2019,Midfielder,Arsenal,381,Egypt,0,0,0,0,0
Mohamed Elyounoussi,26,8/4/1994,Premier League,2018/2019,Midfielder,Southampton,790,Norway,0,0,0,0,0
Mohamed Salah,28,6/15/1992,Premier League,2018/2019,Forward,Liverpool,3262,Egypt,22,8,3,1,0
Morgan Gibbs-White,21,1/27/2000,Premier League,2018/2019,Midfielder,Wolverhampton Wanderers,647,England,0,1,0,1,0
Morgan Schneiderlin,31,11/8/1989,Premier League,2018/2019,Midfielder,Everton,833,France,0,1,0,2,0
Moussa Dembele,33,7/16/1987,Premier League,2018/2019,Midfielder,Tottenham Hotspur,516,Belgium,0,0,0,1,0
Moussa Sissoko,31,8/16/1989,Premier League,2018/2019,Midfielder,Tottenham Hotspur,2336,France,0,3,0,2,0
N'Golo Kanté,30,3/29/1991,Premier League,2018/2019,Midfielder,Chelsea,3096,France,4,4,0,3,0
Naby Deco Keïta,26,2/10/1995,Premier League,2018/2019,Midfielder,Liverpool,1392,Guinea,2,1,0,0,0
Nacho Monreal,35,2/26/1986,Premier League,2018/2019,Defender,Arsenal,1861,Spain,1,3,0,5,0
Nampalys Mendy,28,6/23/1992,Premier League,2018/2019,Midfielder,Leicester City,2088,France,0,0,0,5,0
Nathan Aké,26,2/18/1995,Premier League,2018/2019,Defender,AFC Bournemouth,3412,Netherlands,4,0,0,3,0
Nathan Holland,22,6/19/1998,Premier League,2018/2019,Midfielder,West Ham United,0,England,0,0,0,0,0
Nathan Redmond,27,3/6/1994,Premier League,2018/2019,Midfielder,Southampton,3276,England,6,4,0,3,0
Nathaniel Chalobah,26,12/12/1994,Premier League,2018/2019,Midfielder,Watford,266,England,0,0,0,2,0
Nathaniel Clyne,30,4/5/1991,Premier League,2018/2019,Defender,AFC Bournemouth,1254,England,0,1,0,2,0
Nathaniel Mendez-Laing,28,4/15/1992,Premier League,2018/2019,Midfielder,Cardiff City,984,England,4,1,1,0,0
Neeskens Kebano,29,3/10/1992,Premier League,2018/2019,Midfielder,Fulham,103,Congo DR,0,0,0,0,0
Neil Leonard Dula Etheridge,31,2/7/1990,Premier League,2018/2019,Goalkeeper,Cardiff City,3420,Philippines,0,0,0,2,0
Nemanja Matić,32,8/1/1988,Premier League,2018/2019,Midfielder,Manchester United,2441,Serbia,1,0,0,8,1
Nicolas Otamendi,33,2/12/1988,Premier League,2018/2019,Defender,Manchester City,1233,Argentina,0,0,0,1,0
Nikola Tavares,22,1/17/1999,Premier League,2018/2019,Defender,Crystal Palace,0,England,0,0,0,0,0
Nnamdi Ofoborh,21,11/7/1999,Premier League,2018/2019,Midfielder,AFC Bournemouth,0,England,0,0,0,0,0
Oleksandr Zinchenko,24,12/15/1996,Premier League,2018/2019,Midfielder,Manchester City,1153,Ukraine,0,3,0,1,0
Oliver Skipp,20,9/16/2000,Premier League,2018/2019,Midfielder,Tottenham Hotspur,216,England,0,0,0,0,0
Olivier Giroud,34,9/30/1986,Premier League,2018/2019,Forward,Chelsea,832,France,2,4,0,1,0
Onyinye Wilfred Ndidi,24,12/16/1996,Premier League,2018/2019,Midfielder,Leicester City,3299,Nigeria,2,0,0,8,0
Oriol Romeu,29,9/24/1991,Premier League,2018/2019,Midfielder,Southampton,2140,Spain,1,0,0,11,0
Oumar Niasse,30,4/18/1990,Premier League,2018/2019,Forward,Cardiff City,998,Senegal,0,0,0,0,0
Pablo Zabaleta,36,1/16/1985,Premier League,2018/2019,Defender,West Ham United,2092,Argentina,0,1,0,4,0
Pape N'Diaye Souaré,30,6/6/1990,Premier League,2018/2019,Defender,Crystal Palace,0,Senegal,0,0,0,0,0
Pascal Groß,29,6/15/1991,Premier League,2018/2019,Midfielder,Brighton & Hove Albion,1878,Germany,3,3,1,1,0
Patrick van Aanholt,30,8/29/1990,Premier League,2018/2019,Defender,Crystal Palace,3198,Netherlands,3,2,0,3,0
Paul Dummett,29,9/26/1991,Premier League,2018/2019,Defender,Newcastle United,1986,Wales,0,0,0,1,0
Paul Pogba,28,3/15/1993,Premier League,2018/2019,Midfielder,Manchester United,3011,France,13,9,7,6,0
Paulo Dino Gazzaniga,29,1/2/1992,Premier League,2018/2019,Goalkeeper,Tottenham Hotspur,270,Argentina,0,0,0,0,0
Pedro Obiang,29,3/27/1992,Premier League,2018/2019,Midfielder,West Ham United,1121,Equatorial Guinea,0,1,0,0,0
Pedro Rodriguez,33,7/28/1987,Premier League,2018/2019,Midfielder,Chelsea,1780,Spain,8,2,0,2,0
Peter Crouch,40,1/30/1981,Premier League,2018/2019,Forward,Burnley,86,England,0,0,0,1,0
Petr Čech,38,5/20/1982,Premier League,2018/2019,Goalkeeper,Arsenal,585,Czech Republic,0,0,0,0,0
Phil Bardsley,35,6/28/1985,Premier League,2018/2019,Defender,Burnley,1672,Scotland,0,0,0,9,0
Phil Jagielka,38,8/17/1982,Premier League,2018/2019,Defender,Everton,329,England,1,0,0,1,1
Phil Jones,29,2/21/1992,Premier League,2018/2019,Defender,Manchester United,1263,England,0,1,0,1,0
Philip Billing,24,6/11/1996,Premier League,2018/2019,Midfielder,Huddersfield Town,2192,Denmark,2,0,0,7,0
Philip Foden,20,5/28/2000,Premier League,2018/2019,Midfielder,Manchester City,327,England,1,0,0,0,0
Philippe Sandler,24,2/10/1997,Premier League,2018/2019,Defender,Manchester City,0,Netherlands,0,0,0,0,0
Pierre-Emerick Aubameyang,31,6/18/1989,Premier League,2018/2019,Forward,Arsenal,2731,Gabon,22,5,4,0,0
Pierre-Emile Højbjerg,25,8/5/1995,Premier League,2018/2019,Midfielder,Southampton,2764,Denmark,4,3,0,10,2
Rachid Ghezzal,28,5/9/1992,Premier League,2018/2019,Forward,Leicester City,738,Algeria,1,0,0,3,0
Rafael Euclides Soares Camacho,20,5/22/2000,Premier League,2018/2019,Midfielder,Liverpool,0,Portugal,0,0,0,0,0
Raheem Sterling,26,12/8/1994,Premier League,2018/2019,Forward,Manchester City,2777,England,17,10,0,3,0
Rajiv van La Parra,29,6/4/1991,Premier League,2018/2019,Midfielder,Huddersfield Town,407,Netherlands,0,0,0,0,0
Ramadan Sobhi,24,1/23/1997,Premier League,2018/2019,Forward,Huddersfield Town,75,Egypt,0,0,0,0,0
Raúl Alonso Jiménez Rodríguez,29,5/5/1991,Premier League,2018/2019,Forward,Wolverhampton Wanderers,3124,Mexico,13,7,2,4,0
Rhys Healey,26,12/6/1994,Premier League,2018/2019,Forward,Cardiff City,49,England,0,0,0,0,0
Ricardo Domingos Barbosa Pereira,27,10/6/1993,Premier League,2018/2019,Defender,Leicester City,3125,Portugal,2,6,0,7,0
Richarlison de Andrade,23,5/10/1997,Premier League,2018/2019,Forward,Everton,2679,Brazil,13,1,0,6,1
Riyad Mahrez,30,2/21/1991,Premier League,2018/2019,Midfielder,Manchester City,1339,Algeria,7,4,0,0,0
Rob Holding,25,9/20/1995,Premier League,2018/2019,Defender,Arsenal,807,England,0,0,0,1,0
Robbie Brady,29,1/14/1992,Premier League,2018/2019,Midfielder,Burnley,715,Republic of Ireland,0,1,0,4,1
Robert Kenedy Nunes do Nascimento,25,2/8/1996,Premier League,2018/2019,Midfielder,Newcastle United,1344,Brazil,1,1,0,1,0
Robert Snodgrass,33,9/7/1987,Premier League,2018/2019,Midfielder,West Ham United,2222,Scotland,2,5,0,10,0
Roberto Firmino,29,10/2/1991,Premier League,2018/2019,Forward,Liverpool,2620,Brazil,12,6,1,0,0
Roberto Maximiliano Pereyra,30,1/7/1991,Premier League,2018/2019,Forward,Watford,2825,Argentina,6,1,0,3,0
Romain Saïss,31,3/26/1990,Premier League,2018/2019,Midfielder,Wolverhampton Wanderers,1144,Morocco,2,0,0,7,0
Romelu Lukaku,27,5/13/1993,Premier League,2018/2019,Forward,Manchester United,2130,Belgium,12,0,0,4,0
Rondon,31,9/16/1989,Premier League,2018/2019,Forward,Newcastle United,2609,Venezuela,11,7,0,1,0
Ross Barkley,27,12/5/1993,Premier League,2018/2019,Midfielder,Chelsea,1241,England,3,5,0,1,0
Rúben Diogo Da Silva Neves,24,3/13/1997,Premier League,2018/2019,Midfielder,Wolverhampton Wanderers,3009,Portugal,4,3,2,8,0
Rúben Gonçalo Silva Nascimento Vinagre,22,4/9/1999,Premier League,2018/2019,Defender,Wolverhampton Wanderers,703,Portugal,0,0,0,1,0
Ruben Loftus-Cheek,25,1/23/1996,Premier League,2018/2019,Midfielder,Chelsea,983,England,6,2,0,0,0
Rui Pedro dos Santos Patrício,33,2/15/1988,Premier League,2018/2019,Goalkeeper,Wolverhampton Wanderers,3330,Portugal,0,0,0,0,0
Ryan Bennett,31,3/6/1990,Premier League,2018/2019,Defender,Wolverhampton Wanderers,3060,England,1,0,0,12,0
Ryan Bertrand,31,8/5/1989,Premier League,2018/2019,Defender,Southampton,2160,England,1,0,0,8,0
Ryan Fraser,27,2/24/1994,Premier League,2018/2019,Midfielder,AFC Bournemouth,3173,Scotland,7,14,0,2,0
Ryan Fredericks,28,10/10/1992,Premier League,2018/2019,Midfielder,West Ham United,1085,England,1,0,0,5,0
Ryan Giles,21,1/26/2000,Premier League,2018/2019,Midfielder,Wolverhampton Wanderers,0,England,0,0,0,0,0
Ryan Guno Babel,34,12/19/1986,Premier League,2018/2019,Forward,Fulham,1260,Netherlands,5,3,0,3,0
Ryan Schofield,21,12/11/1999,Premier League,2018/2019,Goalkeeper,Huddersfield Town,0,England,0,0,0,0,0
Ryan Sessegnon,20,5/18/2000,Premier League,2018/2019,Defender,Fulham,2298,England,2,6,0,0,0
Sadio Mané,28,4/10/1992,Premier League,2018/2019,Forward,Liverpool,3086,Senegal,22,1,0,2,0
Sam Gallagher,25,9/15/1995,Premier League,2018/2019,Forward,Southampton,30,England,0,0,0,0,0
Sam Surridge,22,7/28/1998,Premier League,2018/2019,Forward,AFC Bournemouth,11,England,0,0,0,0,0
Sam Vokes,31,10/21/1989,Premier League,2018/2019,Forward,Burnley,913,Wales,3,0,0,0,0
Sam Woods,22,9/11/1998,Premier League,2018/2019,Defender,Crystal Palace,0,England,0,0,0,0,0
Samir Nasri,33,6/26/1987,Premier League,2018/2019,Midfielder,West Ham United,246,France,0,2,0,0,0
Sandro Ramirez,25,7/9/1995,Premier League,2018/2019,Forward,Everton,0,Spain,0,0,0,0,0
Scott Dann,34,2/14/1987,Premier League,2018/2019,Defender,Crystal Palace,660,England,0,1,0,1,0
Scott McTominay,24,12/8/1996,Premier League,2018/2019,Midfielder,Manchester United,861,England,2,0,0,1,0
Sead Kolašinac,27,6/20/1993,Premier League,2018/2019,Defender,Arsenal,1891,Bosnia and Herzegovina,0,5,0,5,0
Séamus Coleman,32,10/11/1988,Premier League,2018/2019,Defender,Everton,2560,Republic of Ireland,2,2,0,1,0
Sean Longstaff,23,10/30/1997,Premier League,2018/2019,Midfielder,Newcastle United,688,England,1,0,0,2,0
Sean Morrison,30,1/8/1991,Premier League,2018/2019,Defender,Cardiff City,3040,England,1,3,0,6,0
Sebastian Prödl,33,6/21/1987,Premier League,2018/2019,Defender,Watford,13,Austria,0,0,0,0,0
Serge Aurier,28,12/24/1992,Premier League,2018/2019,Defender,Tottenham Hotspur,564,Côte d'Ivoire,0,2,0,1,0
Sergio Aguero,32,6/2/1988,Premier League,2018/2019,Forward,Manchester City,2480,Argentina,21,8,2,3,0
Sergio Germán Romero,34,2/22/1987,Premier League,2018/2019,Goalkeeper,Manchester United,0,Argentina,0,0,0,0,0
Sergio Rico,27,9/1/1993,Premier League,2018/2019,Goalkeeper,Fulham,2610,Spain,0,0,0,1,0
Shane Duffy,29,1/1/1992,Premier League,2018/2019,Defender,Brighton & Hove Albion,3088,Republic of Ireland,5,1,0,5,1
Shane Long,34,1/22/1987,Premier League,2018/2019,Forward,Southampton,1269,Republic of Ireland,5,1,0,3,0
Shinji Okazaki,34,4/16/1986,Premier League,2018/2019,Forward,Leicester City,269,Japan,0,1,0,0,0
Shkodran Mustafi,28,4/17/1992,Premier League,2018/2019,Defender,Arsenal,2617,Germany,2,0,0,9,0
Simon Francis,36,2/16/1985,Premier League,2018/2019,Defender,AFC Bournemouth,1226,England,0,2,0,1,0
Simon Mignolet,33,3/6/1988,Premier League,2018/2019,Goalkeeper,Liverpool,0,Belgium,0,0,0,0,0
Sokratis Papastathopoulos,32,6/9/1988,Premier League,2018/2019,Defender,Arsenal,2199,Greece,1,2,0,12,0
Solomon March,26,7/20/1994,Premier League,2018/2019,Midfielder,Brighton & Hove Albion,2473,England,1,5,0,1,0
Souleymane Bamba,36,1/13/1985,Premier League,2018/2019,Defender,Cardiff City,2475,Côte d'Ivoire,4,1,0,7,0
Stefan Marius Johansen,30,1/8/1991,Premier League,2018/2019,Midfielder,Fulham,412,Norway,0,0,0,4,0
Stefano Okaka,31,8/9/1989,Premier League,2018/2019,Forward,Watford,22,Italy,0,0,0,1,0
Stephan Lichtsteiner,37,1/16/1984,Premier League,2018/2019,Defender,Arsenal,940,Switzerland,0,0,0,3,0
Stephen Ward,35,8/20/1985,Premier League,2018/2019,Defender,Burnley,230,Republic of Ireland,0,0,0,1,0
Steve Cook,29,4/19/1991,Premier League,2018/2019,Defender,AFC Bournemouth,2787,England,1,1,0,3,0
Steve Mounié,26,9/29/1994,Premier League,2018/2019,Forward,Huddersfield Town,1777,Benin,2,3,0,2,1
Steven Davis,36,1/1/1985,Premier League,2018/2019,Midfielder,Southampton,96,Northern Ireland,0,1,0,0,0
Steven Defour,32,4/15/1988,Premier League,2018/2019,Midfielder,Burnley,452,Belgium,0,0,0,0,0
Stuart Armstrong,29,3/30/1992,Premier League,2018/2019,Midfielder,Southampton,1432,Scotland,3,2,0,2,0
Sullay Kaikai,25,8/26/1995,Premier League,2018/2019,Midfielder,Crystal Palace,0,England,0,0,0,0,0
Sung-Yeung Ki,32,1/24/1989,Premier League,2018/2019,Midfielder,Newcastle United,1302,South Korea,0,1,0,2,0
Tahith Chong,21,12/4/1999,Premier League,2018/2019,Forward,Manchester United,36,Netherlands,0,0,0,0,0
Terence Kongolo,27,2/14/1994,Premier League,2018/2019,Defender,Huddersfield Town,2722,Netherlands,1,1,0,4,0
Theo Walcott,32,3/16/1989,Premier League,2018/2019,Forward,Everton,2122,England,5,2,0,1,0
Tim Ream,33,10/5/1987,Premier League,2018/2019,Defender,Fulham,2051,USA,0,0,0,1,0
Timothy Eyoma,21,1/29/2000,Premier League,2018/2019,Defender,Tottenham Hotspur,0,England,0,0,0,0,0
Timothy Fosu-Mensah,23,1/2/1998,Premier League,2018/2019,Defender,Fulham,795,Netherlands,0,0,0,3,0
Toby Alderweireld,32,3/2/1989,Premier League,2018/2019,Defender,Tottenham Hotspur,2924,Belgium,0,0,0,3,0
Tom Cairney,30,1/20/1991,Premier League,2018/2019,Midfielder,Fulham,2198,Scotland,1,1,0,0,0
Tom Cleverley,31,8/12/1989,Premier League,2018/2019,Midfielder,Watford,470,England,1,0,0,2,0
Tom Davies,22,6/30/1998,Premier League,2018/2019,Midfielder,Everton,975,England,0,0,0,3,0
Tom Heaton,34,4/15/1986,Premier League,2018/2019,Goalkeeper,Burnley,1710,England,0,0,0,3,0
Tom Smith,28,4/14/1992,Premier League,2018/2019,Defender,Huddersfield Town,1141,England,0,0,0,3,1
Trent Alexander-Arnold,22,10/7/1998,Premier League,2018/2019,Defender,Liverpool,2467,England,1,12,0,3,0
Troy Deeney,32,6/29/1988,Premier League,2018/2019,Forward,Watford,2548,England,9,5,1,5,1
Tyias Browning,26,5/27/1994,Premier League,2018/2019,Defender,Everton,0,England,0,0,0,0,0
Tyreke Johnson,22,11/3/1998,Premier League,2018/2019,Defender,Southampton,0,England,0,0,0,0,0
Tyrone Mings,28,3/13/1993,Premier League,2018/2019,Defender,AFC Bournemouth,141,England,0,0,0,0,0
Vicente Guaita,34,1/10/1987,Premier League,2018/2019,Goalkeeper,Crystal Palace,1755,Spain,0,0,0,2,0
Vicente Iborra De La Fuente,33,1/16/1988,Premier League,2018/2019,Midfielder,Leicester City,226,Spain,0,0,0,0,0
Víctor Camarasa,26,5/28/1994,Premier League,2018/2019,Midfielder,Cardiff City,2579,Spain,5,4,1,6,0
Victor Moses,30,12/12/1990,Premier League,2018/2019,Midfielder,Chelsea,26,Nigeria,0,0,0,0,0
Victor Nilsson Lindelöf,26,7/17/1994,Premier League,2018/2019,Defender,Manchester United,2602,Sweden,1,1,0,1,0
Victor Wanyama,29,6/25/1991,Premier League,2018/2019,Midfielder,Tottenham Hotspur,509,Kenya,1,0,0,2,0
Viktor Gyökeres,22,6/4/1998,Premier League,2018/2019,Forward,Brighton & Hove Albion,0,Sweden,0,0,0,0,0
Vincent Janssen,26,6/15/1994,Premier League,2018/2019,Forward,Tottenham Hotspur,36,Netherlands,0,0,0,0,0
Vincent Kompany,34,4/10/1986,Premier League,2018/2019,Defender,Manchester City,1223,Belgium,1,0,0,6,0
Virgil van Dijk,29,7/8/1991,Premier League,2018/2019,Defender,Liverpool,3385,Netherlands,4,2,0,1,0
Wayne Hennessey,34,1/24/1987,Premier League,2018/2019,Goalkeeper,Crystal Palace,1575,Wales,0,0,0,0,0
Wes Morgan,37,1/21/1984,Premier League,2018/2019,Defender,Leicester City,1926,Jamaica,3,0,0,5,2
Wesley Hoedt,27,3/6/1994,Premier League,2018/2019,Defender,Southampton,1170,Netherlands,0,0,0,2,0
Wilfredo Daniel Caballero,39,9/28/1981,Premier League,2018/2019,Goalkeeper,Chelsea,180,Argentina,0,0,0,0,0
Wilfried Zaha,28,11/10/1992,Premier League,2018/2019,Midfielder,Crystal Palace,3041,Côte d'Ivoire,10,5,0,10,1
Will Hughes,25,4/17/1995,Premier League,2018/2019,Midfielder,Watford,2436,England,2,4,0,5,0
Will Norris,27,8/12/1993,Premier League,2018/2019,Goalkeeper,Wolverhampton Wanderers,0,England,0,0,0,0,0
Willian,32,8/9/1988,Premier League,2018/2019,Forward,Chelsea,2108,Brazil,3,6,0,2,0
Willy Boly,30,2/3/1991,Premier League,2018/2019,Defender,Wolverhampton Wanderers,3169,France,4,0,0,3,1
Xherdan Shaqiri,29,10/10/1991,Premier League,2018/2019,Midfielder,Liverpool,1058,Switzerland,6,3,0,2,0
Yann Valery,22,2/22/1999,Premier League,2018/2019,Defender,Southampton,1715,France,2,1,0,5,1
Yerry Fernando Mina González,26,9/23/1994,Premier League,2018/2019,Defender,Everton,890,Colombia,1,0,0,3,0
Yoshinori Muto,28,7/15/1992,Premier League,2018/2019,Forward,Newcastle United,516,Japan,1,0,0,1,0
Youri Tielemans,23,5/7/1997,Premier League,2018/2019,Midfielder,Leicester City,1092,Belgium,3,4,0,2,0
Yves Bissouma,24,8/30/1996,Premier League,2018/2019,Midfielder,Brighton & Hove Albion,1769,Mali,0,0,0,5,0
Zechariah Medley,20,7/7/2000,Premier League,2018/2019,Defender,Arsenal,0,England,0,0,0,0,0
Zeze Steven Sessegnon,20,5/18/2000,Premier League,2018/2019,Defender,Fulham,0,England,0,0,0,0,0
Łukasz Fabiański,35,4/18/1985,Premier League,2018/2019,Goalkeeper,West Ham United,3420,Poland,0,0,0,0,0
